topic,documents,share
0,113,0.212406015037594
1,83,0.15601503759398497
2,72,0.13533834586466165
3,70,0.13157894736842105
4,51,0.09586466165413533
5,51,0.09586466165413533
6,40,0.07518796992481203
7,32,0.06015037593984962
8,20,0.03759398496240601
