topic,documents,share
0,68,0.2085889570552147
1,62,0.1901840490797546
2,60,0.18404907975460122
3,43,0.13190184049079753
4,39,0.1196319018404908
5,24,0.0736196319018405
6,18,0.05521472392638037
7,12,0.03680981595092025
