num_topics,coherence_score,topic_diversity
3,0.534344729397975,0.9111111111111111
4,0.6129691601411213,0.9
5,0.6213507680151868,0.9333333333333333
6,0.5924002449469802,0.8333333333333334
7,0.5995138385062692,0.8095238095238095
8,0.6184898725075901,0.7916666666666666
9,0.6066115431199737,0.7925925925925926
10,0.608989723163542,0.78
