topic,documents,share
0,170,0.4292929292929293
1,95,0.2398989898989899
2,75,0.1893939393939394
3,56,0.1414141414141414
