country_display,0,1,2,3,4,5,6,7,8
International / UNESCO,0.0,0.0,0.0,0.8110599078341014,0.0,0.03686635944700461,0.1152073732718894,0.0,0.03686635944700461
australia,0.13636363636363635,0.020202020202020204,0.0,0.015151515151515152,0.1919191919191919,0.045454545454545456,0.2828282828282828,0.1111111111111111,0.19696969696969696
france,0.08895705521472393,0.003067484662576687,0.6717791411042945,0.018404907975460124,0.009202453987730062,0.02147239263803681,0.09202453987730061,0.0,0.0950920245398773
ireland,0.06474820143884892,0.302158273381295,0.0,0.011990407673860911,0.0,0.33093525179856115,0.10071942446043165,0.05755395683453238,0.13189448441247004
usa,0.31390977443609025,0.02631578947368421,0.0,0.011278195488721804,0.020676691729323307,0.041353383458646614,0.12781954887218044,0.3383458646616541,0.12030075187969924
