topic,documents,share
0,148,0.354916067146283
1,145,0.34772182254196643
2,70,0.16786570743405277
3,54,0.12949640287769784
