topic,documents,share
0,385,0.20391949152542374
1,330,0.17478813559322035
2,252,0.13347457627118645
3,210,0.11122881355932203
4,198,0.1048728813559322
5,170,0.09004237288135593
6,143,0.07574152542372882
7,128,0.06779661016949153
8,72,0.038135593220338986
