country_display,0,1,2,3,4,5,6,7,8
International / UNESCO,0.07834101382488479,0.0,0.027649769585253458,0.0,0.8709677419354839,0.009216589861751152,0.013824884792626729,0.0,0.0
australia,0.36363636363636365,0.13383838383838384,0.26262626262626265,0.0,0.010101010101010102,0.03282828282828283,0.010101010101010102,0.005050505050505051,0.18181818181818182
france,0.3128834355828221,0.024539877300613498,0.003067484662576687,0.6441717791411042,0.009202453987730062,0.003067484662576687,0.003067484662576687,0.0,0.0
ireland,0.19664268585131894,0.019184652278177457,0.11750599520383694,0.0,0.002398081534772182,0.33573141486810554,0.3237410071942446,0.004796163069544364,0.0
usa,0.07518796992481203,0.4906015037593985,0.17293233082706766,0.0,0.0018796992481203006,0.02631578947368421,0.0,0.23308270676691728,0.0
