num_topics,coherence_score,topic_diversity
3,0.6300135010640733,0.9333333333333333
4,0.7021381302085248,0.9
5,0.6575817669481869,0.88
6,0.6296508728960132,0.8666666666666667
7,0.6423611131863518,0.8952380952380953
8,0.670006729968079,0.8
9,0.5828963433626169,0.8592592592592593
10,0.6267164129205256,0.8266666666666667
